[
  {
    "Name": "N",
    "Age": 20,
    "Position": "Invalid"
  },
  {
    "Name": "Too Young",
    "Age": 14,
    "Position": "Invalid"
  },
  {
    "Name": "Too Old",
    "Age": 81,
    "Position": "Invalid"
  },
  {
    "Name": "Invalid Position",
    "Age": 20,
    "Position": ""
  },
  {
    "Name": "InvalidPosition",
    "Age": 20,
    "Position": "Invaliddddddddddddddddddddddddd"
  },
  {
    "Name": "Magda Bjork",
    "Age": 44,
    "Position": "CEO"
  },
  {
    "Name": "Erich Hennigan",
    "Age": 55,
    "Position": "Burger Flipper"
  },
  {
    "Name": "Shin Vallejos",
    "Age": 66,
    "Position": "Burger Flipper"
  },
  {
    "Name": "Avery Rush",
    "Age": 48,
    "Position": "Burger Flipper"
  },
  {
    "Name": "Coral Points",
    "Age": 19,
    "Position": "Burger Flipper"
  },
  {
    "Name": "Xiao Raley",
    "Age": 61,
    "Position": "Burger Flipper"
  },
  {
    "Name": "Kym Douse",
    "Age": 72,
    "Position": "Burger Flipper"
  },
  {
    "Name": "Kendra Stangl",
    "Age": 58,
    "Position": "Burger Flipper"
  },
  {
    "Name": "Lura Yeldell",
    "Age": 34,
    "Position": "Burger Flipper"
  },
  {
    "Name": "Mohammad Norton",
    "Age": 70,
    "Position": "Fry Cooker"
  },
  {
    "Name": "Tamika Thornsberry",
    "Age": 68,
    "Position": "Fry Cooker"
  },
  {
    "Name": "Nancie Mcquarrie",
    "Age": 63,
    "Position": "Fry Cooker"
  },
  {
    "Name": "Maxwell Shanahan",
    "Age": 26,
    "Position": "Fry Cooker"
  },
  {
    "Name": "Classie Mettler",
    "Age": 31,
    "Position": "Fry Cooker"
  },
  {
    "Name": "Denita Providence",
    "Age": 52,
    "Position": "Fry Cooker"
  },
  {
    "Name": "Jerica Rupe",
    "Age": 25,
    "Position": "Fry Cooker"
  },
  {
    "Name": "Nolan Jablonski",
    "Age": 53,
    "Position": "Fry Cooker"
  },
  {
    "Name": "Mikki Vasques",
    "Age": 76,
    "Position": "Fry Cooker"
  },
  {
    "Name": "Ariane Sloan",
    "Age": 33,
    "Position": "Dessert Expert"
  },
  {
    "Name": "Herta Balser",
    "Age": 22,
    "Position": "Dessert Expert"
  },
  {
    "Name": "Jacqualine Clune",
    "Age": 54,
    "Position": "Dessert Expert"
  },
  {
    "Name": "Mervin Langone",
    "Age": 60,
    "Position": "Dessert Expert"
  },
  {
    "Name": "Dorethea Mumford",
    "Age": 37,
    "Position": "Dessert Expert"
  },
  {
    "Name": "Connie Barbosa",
    "Age": 42,
    "Position": "Dessert Expert"
  },
  {
    "Name": "Katie Nilsen",
    "Age": 21,
    "Position": "Dessert Expert"
  },
  {
    "Name": "Camille Peller",
    "Age": 30,
    "Position": "Hygiene Technician"
  },
  {
    "Name": "Annett Lewallen",
    "Age": 69,
    "Position": "Hygiene Technician"
  },
  {
    "Name": "Iris Foushee",
    "Age": 51,
    "Position": "Hygiene Technician"
  },
  {
    "Name": "Eric Toole",
    "Age": 15,
    "Position": "Hygiene Technician"
  },
  {
    "Name": "Justin Brazil",
    "Age": 59,
    "Position": "Hygiene Technician"
  },
  {
    "Name": "Felisa Frier",
    "Age": 62,
    "Position": "Hygiene Technician"
  },
  {
    "Name": "Lakiesha Huffines",
    "Age": 28,
    "Position": "Hygiene Technician"
  },
  {
    "Name": "Emory Lemos",
    "Age": 39,
    "Position": "Hygiene Technician"
  },
  {
    "Name": "Lanita Palmore",
    "Age": 43,
    "Position": "Hygiene Technician"
  },
  {
    "Name": "Janiece Owens",
    "Age": 38,
    "Position": "Hygiene Technician"
  },
  {
    "Name": "Maryland Palm",
    "Age": 41,
    "Position": "Hygiene Technician"
  },
  {
    "Name": "Sunday Eastep",
    "Age": 57,
    "Position": "Hygiene Technician"
  },
  {
    "Name": "Lucius Rotz",
    "Age": 79,
    "Position": "Drinks Specialist"
  },
  {
    "Name": "Stanton Dahl",
    "Age": 36,
    "Position": "Drinks Specialist"
  },
  {
    "Name": "Carmon Sesco",
    "Age": 73,
    "Position": "Drinks Specialist"
  },
  {
    "Name": "Willette Ugalde",
    "Age": 44,
    "Position": "Drinks Specialist"
  },
  {
    "Name": "Rose Blizzard",
    "Age": 20,
    "Position": "Drinks Specialist"
  },
  {
    "Name": "Caridad Cuenca",
    "Age": 77,
    "Position": "Drinks Specialist"
  },
  {
    "Name": "Tran Bullion",
    "Age": 23,
    "Position": "Drinks Specialist"
  },
  {
    "Name": "Fred Higby",
    "Age": 32,
    "Position": "Drinks Specialist"
  },
  {
    "Name": "Elizabet Trentham",
    "Age": 75,
    "Position": "Drinks Specialist"
  },
  {
    "Name": "Shirleen Vonruden",
    "Age": 49,
    "Position": "Drinks Specialist"
  },
  {
    "Name": "Oscar Dolan",
    "Age": 18,
    "Position": "Drinks Specialist"
  },
  {
    "Name": "Prince Betton",
    "Age": 17,
    "Position": "Drinks Specialist"
  },
  {
    "Name": "Jolanda Discher",
    "Age": 35,
    "Position": "Drinks Specialist"
  }
]