<?xml version="1.0" encoding="utf-8"?>
<Orders>
  <Order>
    <Customer>Garry</Customer>
    <Employee>Maxwell Shanahan</Employee>
    <DateTime>21/08/2017 13:22</DateTime>
    <Type>ForHere</Type>
    <Items>
      <Item>
        <Name>Quarter Pounder</Name>
        <Quantity>2</Quantity>
      </Item>
      <Item>
        <Name>Premium chicken sandwich</Name>
        <Quantity>2</Quantity>
      </Item>
      <Item>
        <Name>Chicken Tenders</Name>
        <Quantity>4</Quantity>
      </Item>
      <Item>
        <Name>Just Lettuce</Name>
        <Quantity>4</Quantity>
      </Item>
    </Items>
  </Order>
  <Order>
    <Customer>Pablo</Customer>
    <Employee>Avery Rush</Employee>
    <DateTime>23/11/2017 16:25</DateTime>
    <Type>ToGo</Type>
    <Items>
      <Item>
        <Name>Double Cheeseburger</Name>
        <Quantity>3</Quantity>
      </Item>
      <Item>
        <Name>Bacon Deluxe</Name>
        <Quantity>5</Quantity>
      </Item>
    </Items>
  </Order>
  <Order>
    <Customer>Enrique</Customer>
    <Employee>Elizabet Trentham</Employee>
    <DateTime>11/06/2017 14:08</DateTime>
    <Type>ForHere</Type>
    <Items>
      <Item>
        <Name>Daily Double</Name>
        <Quantity>3</Quantity>
      </Item>
      <Item>
        <Name>Tasty Basket</Name>
        <Quantity>4</Quantity>
      </Item>
      <Item>
        <Name>Tuna Salad</Name>
        <Quantity>2</Quantity>
      </Item>
      <Item>
        <Name>Minion</Name>
        <Quantity>5</Quantity>
      </Item>
    </Items>
  </Order>
  <Order>
    <Customer>Joann</Customer>
    <Employee>Avery Rush</Employee>
    <DateTime>08/09/2017 23:19</DateTime>
    <Type>ToGo</Type>
    <Items>
      <Item>
        <Name>Bacon Deluxe</Name>
        <Quantity>1</Quantity>
      </Item>
      <Item>
        <Name>Minion</Name>
        <Quantity>2</Quantity>
      </Item>
    </Items>
  </Order>
  <Order>
    <Customer>Ray</Customer>
    <Employee>Jolanda Discher</Employee>
    <DateTime>25/08/2017 20:13</DateTime>
    <Type>ForHere</Type>
    <Items>
      <Item>
        <Name>Tasty Basket</Name>
        <Quantity>2</Quantity>
      </Item>
    </Items>
  </Order>
  <Order>
    <Customer>Roberta</Customer>
    <Employee>Maxwell Shanahan</Employee>
    <DateTime>02/03/2017 07:19</DateTime>
    <Type>ForHere</Type>
    <Items>
      <Item>
        <Name>Premium chicken sandwich</Name>
        <Quantity>2</Quantity>
      </Item>
      <Item>
        <Name>Purple Drink</Name>
        <Quantity>5</Quantity>
      </Item>
      <Item>
        <Name>Cesar Salad</Name>
        <Quantity>2</Quantity>
      </Item>
      <Item>
        <Name>Tuna Salad</Name>
        <Quantity>1</Quantity>
      </Item>
      <Item>
        <Name>Batman</Name>
        <Quantity>2</Quantity>
      </Item>
    </Items>
  </Order>
  <Order>
    <Customer>Daniel</Customer>
    <Employee>Dorethea Mumford</Employee>
    <DateTime>16/12/2017 20:13</DateTime>
    <Type>ForHere</Type>
    <Items>
      <Item>
        <Name>Ranger Burger</Name>
        <Quantity>4</Quantity>
      </Item>
      <Item>
        <Name>BBQ Burger</Name>
        <Quantity>5</Quantity>
      </Item>
    </Items>
  </Order>
  <Order>
    <Customer>Yolanda</Customer>
    <Employee>Kym Douse</Employee>
    <DateTime>28/10/2017 04:25</DateTime>
    <Type>ForHere</Type>
    <Items>
      <Item>
        <Name>Quarter Pounder</Name>
        <Quantity>5</Quantity>
      </Item>
      <Item>
        <Name>BBQ Burger</Name>
        <Quantity>4</Quantity>
      </Item>
      <Item>
        <Name>Fries</Name>
        <Quantity>1</Quantity>
      </Item>
    </Items>
  </Order>
  <Order>
    <Customer>Pablo</Customer>
    <Employee>Annett Lewallen</Employee>
    <DateTime>26/03/2017 06:33</DateTime>
    <Type>ForHere</Type>
    <Items>
      <Item>
        <Name>Crispy Chicken Deluxe</Name>
        <Quantity>5</Quantity>
      </Item>
      <Item>
        <Name>Cake</Name>
        <Quantity>3</Quantity>
      </Item>
      <Item>
        <Name>Just Lettuce</Name>
        <Quantity>4</Quantity>
      </Item>
    </Items>
  </Order>
  <Order>
    <Customer>Ray</Customer>
    <Employee>Shin Vallejos</Employee>
    <DateTime>11/03/2017 04:07</DateTime>
    <Type>ForHere</Type>
    <Items>
      <Item>
        <Name>Crispy Chicken Deluxe</Name>
        <Quantity>2</Quantity>
      </Item>
    </Items>
  </Order>
  <Order>
    <Customer>Bobbie</Customer>
    <Employee>Denita Providence</Employee>
    <DateTime>09/02/2017 01:50</DateTime>
    <Type>ToGo</Type>
    <Items>
      <Item>
        <Name>Premium Chicken Wrap</Name>
        <Quantity>2</Quantity>
      </Item>
    </Items>
  </Order>
  <Order>
    <Customer>Miguel</Customer>
    <Employee>Herta Balser</Employee>
    <DateTime>03/03/2017 21:41</DateTime>
    <Type>ToGo</Type>
    <Items>
      <Item>
        <Name>Bacon Deluxe</Name>
        <Quantity>1</Quantity>
      </Item>
      <Item>
        <Name>Premium Chicken Wrap</Name>
        <Quantity>3</Quantity>
      </Item>
      <Item>
        <Name>Crispy Fries</Name>
        <Quantity>5</Quantity>
      </Item>
    </Items>
  </Order>
  <Order>
    <Customer>Roberta</Customer>
    <Employee>Stanton Dahl</Employee>
    <DateTime>26/09/2017 22:15</DateTime>
    <Type>ForHere</Type>
    <Items>
      <Item>
        <Name>Quarter Pounder</Name>
        <Quantity>1</Quantity>
      </Item>
      <Item>
        <Name>Chicken Nuggets</Name>
        <Quantity>3</Quantity>
      </Item>
      <Item>
        <Name>Chicken Tenders</Name>
        <Quantity>4</Quantity>
      </Item>
    </Items>
  </Order>
  <Order>
    <Customer>Leona</Customer>
    <Employee>Felisa Frier</Employee>
    <DateTime>06/02/2017 00:04</DateTime>
    <Type>ForHere</Type>
    <Items>
      <Item>
        <Name>Bowser</Name>
        <Quantity>4</Quantity>
      </Item>
    </Items>
  </Order>
  <Order>
    <Customer>Stacey</Customer>
    <Employee>Avery Rush</Employee>
    <DateTime>07/10/2017 06:00</DateTime>
    <Type>ToGo</Type>
    <Items>
      <Item>
        <Name>Cheeseburger</Name>
        <Quantity>5</Quantity>
      </Item>
      <Item>
        <Name>Double Cheeseburger</Name>
        <Quantity>3</Quantity>
      </Item>
      <Item>
        <Name>Bacon Deluxe</Name>
        <Quantity>1</Quantity>
      </Item>
      <Item>
        <Name>Luigi</Name>
        <Quantity>5</Quantity>
      </Item>
    </Items>
  </Order>
  <Order>
    <Customer>Enrique</Customer>
    <Employee>Shirleen Vonruden</Employee>
    <DateTime>19/07/2017 17:58</DateTime>
    <Type>ToGo</Type>
    <Items>
      <Item>
        <Name>BBQ Burger</Name>
        <Quantity>1</Quantity>
      </Item>
      <Item>
        <Name>Chicken Tenders</Name>
        <Quantity>3</Quantity>
      </Item>
      <Item>
        <Name>Ice Cream</Name>
        <Quantity>4</Quantity>
      </Item>
      <Item>
        <Name>Mario</Name>
        <Quantity>4</Quantity>
      </Item>
    </Items>
  </Order>
  <Order>
    <Customer>Guillermo</Customer>
    <Employee>Iris Foushee</Employee>
    <DateTime>23/08/2017 08:24</DateTime>
    <Type>ForHere</Type>
    <Items>
      <Item>
        <Name>Triple Cheeseburger</Name>
        <Quantity>2</Quantity>
      </Item>
    </Items>
  </Order>
  <Order>
    <Customer>Darryl</Customer>
    <Employee>Classie Mettler</Employee>
    <DateTime>25/01/2017 13:02</DateTime>
    <Type>ToGo</Type>
    <Items>
      <Item>
        <Name>Triple Cheeseburger</Name>
        <Quantity>4</Quantity>
      </Item>
      <Item>
        <Name>Grilled Chicken Deluxe</Name>
        <Quantity>4</Quantity>
      </Item>
      <Item>
        <Name>Fries</Name>
        <Quantity>5</Quantity>
      </Item>
      <Item>
        <Name>Purple Drink</Name>
        <Quantity>1</Quantity>
      </Item>
      <Item>
        <Name>Tuna Salad</Name>
        <Quantity>3</Quantity>
      </Item>
    </Items>
  </Order>
  <Order>
    <Customer>Daniel</Customer>
    <Employee>Ariane Sloan</Employee>
    <DateTime>24/05/2017 21:58</DateTime>
    <Type>ForHere</Type>
    <Items>
      <Item>
        <Name>Cheeseburger</Name>
        <Quantity>3</Quantity>
      </Item>
      <Item>
        <Name>Snack Wrap</Name>
        <Quantity>2</Quantity>
      </Item>
      <Item>
        <Name>Purple Drink</Name>
        <Quantity>1</Quantity>
      </Item>
      <Item>
        <Name>Minion</Name>
        <Quantity>4</Quantity>
      </Item>
    </Items>
  </Order>
  <Order>
    <Customer>Bobbie</Customer>
    <Employee>Avery Rush</Employee>
    <DateTime>08/04/2017 19:53</DateTime>
    <Type>ToGo</Type>
    <Items>
      <Item>
        <Name>Fries</Name>
        <Quantity>2</Quantity>
      </Item>
      <Item>
        <Name>Crispy Fries</Name>
        <Quantity>5</Quantity>
      </Item>
      <Item>
        <Name>Tuna Salad</Name>
        <Quantity>2</Quantity>
      </Item>
    </Items>
  </Order>
</Orders>