[
  {
    "Name": "Avery Rush",
    "Orders": [
      {
        "Customer": "Stacey",
        "Items": {
          "Name": "Cheeseburger",
          "Price": 6.00,
          "Quantity": 5
        }
      },
      {
        "Customer": "Stacey",
        "Items": {
          "Name": "Double Cheeseburger",
          "Price": 6.50,
          "Quantity": 3
        }
      },
      {
        "Customer": "Stacey",
        "Items": {
          "Name": "Luigi",
          "Price": 2.10,
          "Quantity": 5
        }
      },
      {
        "Customer": "Stacey",
        "Items": {
          "Name": "Bacon Deluxe",
          "Price": 9.00,
          "Quantity": 1
        }
      }
    ],
    "TotalPrice": 69.00
  },
  {
    "Name": "Avery Rush",
    "Orders": [
      {
        "Customer": "Pablo",
        "Items": {
          "Name": "Double Cheeseburger",
          "Price": 6.50,
          "Quantity": 3
        }
      },
      {
        "Customer": "Pablo",
        "Items": {
          "Name": "Bacon Deluxe",
          "Price": 9.00,
          "Quantity": 5
        }
      }
    ],
    "TotalPrice": 64.50
  },
  {
    "Name": "Avery Rush",
    "Orders": [
      {
        "Customer": "Bobbie",
        "Items": {
          "Name": "Tuna Salad",
          "Price": 3.00,
          "Quantity": 2
        }
      },
      {
        "Customer": "Bobbie",
        "Items": {
          "Name": "Crispy Fries",
          "Price": 2.00,
          "Quantity": 5
        }
      },
      {
        "Customer": "Bobbie",
        "Items": {
          "Name": "Fries",
          "Price": 1.50,
          "Quantity": 2
        }
      }
    ],
    "TotalPrice": 19.00
  },
  {
    "Name": "Avery Rush",
    "Orders": [
      {
        "Customer": "Joann",
        "Items": {
          "Name": "Minion",
          "Price": 2.20,
          "Quantity": 2
        }
      },
      {
        "Customer": "Joann",
        "Items": {
          "Name": "Bacon Deluxe",
          "Price": 9.00,
          "Quantity": 1
        }
      }
    ],
    "TotalPrice": 13.40
  }
]